GESBPC;2; ;AVMET;0; ;1
GACCDUP;2; ;AVMET;0; ;1
GACMERGE;2; ;AVMET;2;AVIA1;1
GCOD;2; ;AVMET;0; ;1
GDEV;2; ;AVMET;0; ;1
GDOC;2; ;AVMET;0; ;1
GDON;2; ;AVMET;0; ;1
GDOP;2; ;AVMET;0; ;1
GENAVIDOM;2;U;AVMET;2;AVIA1;1
GENBORREM;2;U;AVMET;2;AVIA1;1
GENFIC;2; ;AVMET;2;AVIA1;1
GENMENULOC;2; ;AVMET;0; ;1
GENMSKTRT;2; ;AVMET;0; ;1
GENQUIT;2; ;AVMET;2;AVIA1;1
GENTXTTRA;2; ;AVMET;0; ;1
GESAAB;2;CMS;AVMET;0; ;1
GESAAR;2;CMS;AVMET;0; ;1
GESABA;2;CMSNU;AVMET;0; ;1
GESABC;2;CMS;AVMET;0; ;1
GESABG;2;CMSN;AVMET;0; ;1
GESABH;2;CMS;AVMET;0; ;1
GESABN;2;CMS;AVMET;0; ;1
GESABT;2;CMSN;AVMET;0; ;1
GESACG;2;CMSN;AVMET;0; ;1
GESACL;2;CMS;AVMET;0; ;1
GESACLA;2;CMS;AVMET;0; ;1
GESACM;2;CMS;AVMET;0; ;1
GESACN;2;CMS;AVMET;0; ;1
GESACO;2;CMS;AVMET;0; ;1
GESACS;2;CMS;AVMET;0; ;1
GESACST;2;CMS;AVMET;0; ;1
GESACT;2;CMS;AVMET;0; ;1
GESACTX;2;CMS;AVMET;0; ;1
GESACV;2;CMS;AVMET;0; ;1
GESADC;2;CMS;AVMET;0; ;1
GESADF;2;CMS;AVMET;0; ;1
GESADG;2;CMS;AVMET;0; ;1
GESADI;2;CMSN;AVMET;0; ;1
GESADI2;2;CMSN;AVMET;0; ;1
GESADLK;2;CMSN;AVMET;0; ;1
GESADLV;2;CMSN;AVMET;0; ;1
GESADM;2;CMS;AVMET;0; ;1
GESADO;2;CMS;AVMET;0; ;1
GESADP;2;CMS;AVMET;0; ;1
GESADS;2;CMS;AVMET;0; ;1
GESADV;2;CMS;AVMET;0; ;1
GESADZ;2;CMS;AVMET;0; ;1
GESAEN;2;CMS;AVMET;0; ;1
GESAEV;2;CMSN;AVMET;0; ;1
GESAEX;2;CMS;AVMET;0; ;1
GESAFC;2;CMS;AVMET;0; ;1
GESAFO;2;CMS;AVMET;0; ;1
GESAFP;2;CMS;AVMET;0; ;1
GESAFT;2;CMSA;AVMET;0; ;1
GESAGB;2;CMS;AVMET;0; ;1
GESAGF;2;CMS;AVMET;0; ;1
GESAHI;2;CMSN;AVMET;0; ;1
GESAIA;2;CMSN;AVMET;0; ;1
GESAIM;2;CMSN;AVMET;0; ;1
GESAIN;2;CMS;AVMET;0; ;1
GESAIT;2;CMS;AVMET;0; ;1
GESALB;2;CMS;AVMET;0; ;1
GESALH;2;CMSN;AVMET;0; ;1
GESALQ;2;CMSN;AVMET;0; ;1
GESALT;2;CMSN;AVMET;0; ;1
GESAM3;2;CMS;AVMET;0; ;1
GESAMC;2;CMS;AVMET;0; ;1
GESAMD;2;CMS;AVMET;0; ;1
GESAME;2;CMS;AVMET;0; ;1
GESAMI;2;CMS;AVMET;0; ;1
GESAMK;2;CMS;AVMET;0; ;1
GESAMM;2;CMS;AVMET;0; ;1
GESANG;2;CMSN;AVMET;0; ;1
GESANM;2;CMS;AVMET;0; ;1
GESANU;2;CMSNP;AVMET;0; ;1
GESANX;2;CMS;AVMET;0; ;1
GESAOB;2;CMS;AVMET;0; ;1
GESAOC;2;CMS;AVMET;0; ;1
GESAOE;2;CMSN;AVMET;0; ;1
GESAOP;2;CMS;AVMET;0; ;1
GESAOR;2;CMS;AVMET;0; ;1
GESAOW;2;CMS;AVMET;0; ;1
GESAPB;2;CMS;AVMET;0; ;1
GESAPE;2;CMS;AVMET;0; ;1
GESAPH;2;CMS;AVMET;0; ;1
GESAPN;2;CMS;AVMET;0; ;1
GESAPO;2;CMS;AVMET;0; ;1
GESAPP;2;CMS;AVMET;0; ;1
GESAPR;2;CMS;AVMET;0; ;1
GESAPT;2;CMS;AVMET;0; ;1
GESAPV;2;CMS;AVMET;0; ;1
GESAPW;2;CMS;AVMET;0; ;1
GESARC;2;CMSN;AVMET;0; ;1
GESARE;2;CMS;AVMET;0; ;1
GESARL;2;CMS;AVMET;0; ;1
GESARP;2;CMSN;AVMET;0; ;1
GESARV;2;CMS;AVMET;0; ;1
GESARX;2;CMS;AVMET;0; ;1
GESARZ;2;CMSN;AVMET;0; ;1
GESASB;2;CMS;AVMET;0; ;1
GESASL;2;CMS;AVMET;0; ;1
GESASU;2;CMS;AVMET;0; ;1
GESASW;2;CMS;AVMET;0; ;1
GESASY;2;CMS;AVMET;0; ;1
GESATB;2;CMS;AVMET;0; ;1
GESATN;2;CMSN;AVMET;0; ;1
GESATP;2;CMS;AVMET;0; ;1
GESATR;2;CMS;AVMET;0; ;1
GESATR;1;;AVPRJ;0;AVIA1;1
GESATR;2;;AVPRJ;0;CPR01;1
GESATR;2;CMS;AVMET;0;F0001;1
GESATT;2;CMS;AVMET;0; ;1
GESATU;2;CMS;AVMET;0; ;1
GESATY;2;CMS;AVMET;0; ;1
GESATYP;2;CMS;AVMET;0; ;1
GESAUR;2;CMS;AVMET;0; ;1
GESAUS;2;CMSNAP;AVMET;0; ;1
GESAVR;2;CMS;AVMET;0; ;1
GESAVW;2;CMS;AVMET;0; ;1
GESAWA;2;CMSN;AVMET;0; ;1
GESAWE;2;CMS;AVMET;0; ;1
GESAWI;2;CMSN;AVMET;0; ;1
GESAWM;2;CMSN;AVMET;0; ;1
GESAWR;2;CMS;AVMET;0; ;1
GESAWU;2;CMSU;AVMET;0; ;1
GESAWV;2;CMS;AVMET;0; ;1
GESAWW;2;CMS;AVMET;0; ;1
GESAWX;2;CMSN;AVMET;0; ;1
GESAYA;2;CMS;AVMET;0; ;1
GESAYB;2;CMS;AVMET;0; ;1
GESAYC;2;CMS;AVMET;0; ;1
GESAYD;2;CMS;AVMET;0; ;1
GESAYE;2;CMS;AVMET;0; ;1
GESAYF;2;CMS;AVMET;0; ;1
GESAYG;2;CMS;AVMET;0; ;1
GESAYH;2;CMS;AVMET;0; ;1
GESAYI;2;CMS;AVMET;0; ;1
GESAYL;2;CMS;AVMET;0; ;1
GESAYM;2;CMS;AVMET;0; ;1
GESAYP;2;CMS;AVMET;0; ;1
GESAYS;2;CMS;AVMET;0; ;1
GESAYT;2;CMS;AVMET;0; ;1
GESAYU;2;CMS;AVMET;0; ;1
GESAYW;2;CMS;AVMET;0; ;1
GESAYY;2;CMS;AVMET;0; ;1
GESAYZ;2;CMS;AVMET;0; ;1
GESBAN;2;CMS;AVMET;2;AVIA1;1
GESBAP;2;CMS;AVMET;2;AVIA1;1
GESBBY;2;CMSK;AVMET;2;AVIA1;1
GESBCG;2;CMS;AVMET;2;AVIA1;1
GESBDO;2;CMS;AVMET;2;AVIA1;1
GESBGR;2;CMS;AVMET;0; ;1
GESBIC;2;CMSVE;AVMET;2;AVIA1;1
GESBICI;2;CMSVE;AVMET;2;AVIA1;1
GESBIS;2;CMSVE;AVMET;2;AVIA1;1
GESBISI;2;CMSVE;AVMET;2;AVIA1;1
GESBODC;2;CMS;AVMET;0; ;1
GESBODP;2;CMS;AVMET;0; ;1
GESBODS;2;CMS;AVMET;0; ;1
GESBOLP;2;CMS;AVMET;2;AVIA1;1
GESBOLS;2;CMS;AVMET;2;AVIA1;1
GESBPP;2;CMS;AVMET;0; ;1
GESBPR;2;CMSN;AVMET;0; ;1
GESBPS;2;CMSNT;AVMET;0; ;1
GESBPT;2;CMS;AVMET;0; ;1
GESBRD;2;CMS;AVMET;0; ;1
GESBSG;2;CMS;AVMET;0; ;1
GESBTC;2;CMS;AVMET;0; ;1
GESBUC;2;CMS;AVMET;2;AVIA1;1
GESBUP;2;CMS;AVMET;0; ;1
GESBUV;2;CMS;AVMET;0; ;1
GESCAB;2;CMS;AVMET;0; ;1
GESCAC;2;CMS;AVMET;0; ;1
GESCAD;2;CMS;AVMET;0; ;1
GESCAI;2;CMS;AVMET;2;AVIA1;1
GESCAZ;2;CMST;AVMET;0; ;1
GESCBA;2;CMSN;AVMET;2;AVIA1;1
GESCCC;2;CMS;AVMET;2;AVIA1;1
GESCCE;2;CMSN1;AVMET;0; ;1
GESCCL;2;CMS;AVMET;0; ;1
GESCDA;2;CMSN;AVMET;0; ;1
GESCDE;2;CMS;AVMET;0; ;1
GESCDI;2;CMS;AVMET;0; ;1
GESCFG;2;CMSN;AVMET;2;AVIA1;1
GESCFH;2;CMS;AVMET;0; ;1
GESCFM;2;CMS;AVMET;0; ;1
GESCFO;2;CMS;AVMET;2;AVIA1;1
GESCFT;2;CMS;AVMET;2;AVIA1;1
GESCHB;2;CMS;AVMET;0; ;1
GESCIB;2;CMS;AVMET;0; ;1
GESCIG;2;CMS;AVMET;0; ;1
GESCII;2;CMS;AVMET;0; ;1
GESCIS;2;CMS;AVMET;0; ;1
GESCIT;2;CMS;AVMET;0; ;1
GESCLC;2;CMS;AVMET;0; ;1
GESCLL;2;CMS;AVMET;2;AVIA1;1
GESCLS;2;CMS;AVMET;0; ;1
GESCMA;2;CMSN;AVMET;0; ;1
GESCMD;2;CMSN;AVMET;0; ;1
GESCMG;2;CMS;AVMET;2;AVIA1;1
GESCMI;2;CMSN;AVMET;0; ;1
GESCMM;2;CMS;AVMET;2;AVIA1;1
GESCMS;2;CMSN;AVMET;0; ;1
GESCNX;2;CMS;AVMET;2;AVIA1;1
GESCOA;2;CMS;AVMET;0; ;1
GESCOE;2;CMSN;AVMET;2;AVIA1;1
GESCON;2;CMSF;AVMET;2;AVIA1;1
GESCOR;2;CMS;AVMET;0; ;1
GESCOT;2;CMS;AVMET;0; ;1
GESCOV;2;CMSN;AVMET;0; ;1
GESCPY;2;CMS;AVMET;0; ;1
GESCQU;2;CMS;AVMET;0; ;1
GESCRY;2;CMS123;AVMET;0; ;1
GESCSE;2;CMSN;AVMET;0; ;1
GESCSF;2;CMSN;AVMET;0; ;1
GESCSH;2;CMS;AVMET;0; ;1
GESCSRH;2;CMS;AVMET;0; ;1
GESCTA;2;CMSN;AVMET;0; ;1
GESCTRH;2;CMS;AVMET;0; ;1
GESCWRH;2;CMS;AVMET;2;AVIA1;1
GESCYM;2;CMS23;AVMET;0; ;1
GESDAD;2;CMS;AVMET;0; ;1
GESDBY;2;CMSK;AVMET;2;AVIA1;1
GESDEB;2;CMS;AVMET;0; ;1
GESDIE;2;CMS;AVMET;0; ;1
GESDIH;2;CMS;AVMET;0; ;1
GESDIHCRM;2;CMS;AVMET;0; ;1
GESDMWBPREX;2;CMS;AVMET;0; ;1
GESDMWPAORD;2;CMS;AVMET;0; ;1
GESDMWPPA;2;CMS;AVMET;0; ;1
GESDMWQUOTA;2;CMS;AVMET;0; ;1
GESDMWSC;2;CMS;AVMET;0; ;1
GESDPM;2;CMSN;AVMET;2;AVIA1;1
GESDPP;2;CMS;AVMET;2;AVIA1;1
GESDRN;2;CMS;AVMET;0; ;1
GESDSP;2;CMS;AVMET;0; ;1
GESDTP;2;CMS;AVMET;0; ;1
GESECS;2;CMS;AVMET;0; ;1
GESEDM;2;CMS;AVMET;0; ;1
GESEDP;2;CMS;AVMET;0; ;1
GESEDS;2;CMS;AVMET;0; ;1
GESEXM;2;CMS;AVMET;0; ;1
GESEXS;2;CMS1;AVMET;2;AVIA1;1
GESFAE;2;CMS;AVMET;0; ;1
GESFAM;2;CMS;AVMET;0; ;1
GESFAS;2;CMSAGRTUVWZOP;AVMET;2;AVIA1;1
GESFCC;2;CMSN;AVMET;0; ;1
GESFCS;2;CMSN;AVMET;0; ;1
GESFCT;2;CMS;AVMET;0; ;1
GESFCY;2;CMS;AVMET;2;AVIA1;1
GESFGP;2;CMS;AVMET;0; ;1
GESFID;2;CMS;AVMET;0; ;1
GESFIY;2;CMS;AVMET;0; ;1
GESFLU;2;CMS;AVMET;0; ;1
GESFLY;2;CMS;AVMET;2;AVIA1;1
GESFPT;2;CMS;AVMET;0; ;1
GESFRF;2;CMS;AVMET;2;AVIA1;1
GESFRM;2;CMSVFT;AVMET;2;AVIA1;1
GESFRT;2;CMSN;AVMET;0; ;1
GESFTD;2;CMS;AVMET;0; ;1
GESFUP;2;CMS;AVMET;2;AVIA1;1
GESFXM;2;CMS;AVMET;2;AVIA1;1
GESGAC;2;CMSN1;AVMET;0; ;1
GESGAF;2;CMSN;AVMET;0; ;1
GESGAS;2;CMST;AVMET;2;AVIA1;1
GESGAU;2;CMS;AVMET;0; ;1
GESGBS;2;CMSN;AVMET;0; ;1
GESGBSH;2;CMSN;AVMET;0; ;1
GESGCM;2;CMS;AVMET;0; ;1
GESGCO;2;CMS;AVMET;0; ;1
GESGCU;2;CMS;AVMET;0; ;1
GESGDA;2;CMS;AVMET;0; ;1
GESGDE;2;CMSN;AVMET;0; ;1
GESGDS;2;CMSN;AVMET;0; ;1
GESGFP;2;CMSN;AVMET;0; ;1
GESGIC;2;CMSV;AVMET;2;AVIA1;1
GESGPC;2;CMS;AVMET;2;AVIA1;1
GESGRA;2;CMS;AVMET;0; ;1
GESGRT;2;CMS;AVMET;2;AVIA1;1
GESGRY;2;CMS123;AVMET;0; ;1
GESGSC;2;CMS;AVMET;0; ;1
GESGSP;2;CMS;AVMET;0; ;1
GESGTC;2;CMSN;AVMET;0; ;1
GESGTE;2;CMSN;AVMET;0; ;1
GESGVA;2;CMS;AVMET;0; ;1
GESGVG;2;CMS;AVMET;0; ;1
GESGYM;2;CMS23;AVMET;0; ;1
GESHIC;2;CMS;AVMET;2;AVIA1;1
GESHIM;2;CMS;AVMET;2;AVIA1;1
GESHOI;2;CMS;AVMET;0; ;1
GESHTMMAI;2;CMS;AVMET;0; ;1
GESICA;2;CMS;AVMET;2;AVIA1;1
GESICB;2;CMS;AVMET;2;AVIA1;1
GESICD;2;CMS;AVMET;2;AVIA1;1
GESICS;2;CMS;AVMET;2;AVIA1;1
GESICT;2;CMSN;AVMET;0; ;1
GESICV;2;CMS;AVMET;0; ;1
GESIDP;2;CMS;AVMET;0; ;1
GESINVCND;2;CMS;AVMET;0; ;1
GESITF;2;CMS;AVMET;2;AVIA1;1
GESITG;2;CMS;AVMET;2;AVIA1;1
GESITM;2;CMSTc;AVMET;0; ;1
GESITN;2;CMSK;AVMET;2;AVIA1;1
GESITW;2;CMS;AVMET;2;AVIA1;1
GESJOU;2;CMSN;AVMET;0; ;1
GESLDA;2;CMS;AVMET;0; ;1
GESLDS;2;CMS;AVMET;0; ;1
GESLEA;2;CMS;AVMET;2;AVIA1;1
GESLED;2;CMS;AVMET;0; ;1
GESLGT;2;CMS;AVMET;0; ;1
GESLOC;2;CMS;AVMET;2;AVIA1;1
GESLOF;2;CMS4;AVMET;2;AVIA1;1
GESLOT;2;CMST;AVMET;2;AVIA1;1
GESMAC;2;CMS;AVMET;2;AVIA1;1
GESMAT;2;CMS;AVMET;0; ;1
GESMCL;2;CMSN;AVMET;0; ;1
GESMDL;2;CMSN;AVMET;0; ;1
GESMDLA;2;CMSN;AVMET;0; ;1
GESMDT;2;CMS;AVMET;0; ;1
GESMES;2;CMS;AVMET;0; ;1
GESMFC;2;CMS;AVMET;2;AVIA1;1
GESMFCP;2;CMS;AVMET;2;AVIA1;1
GESMFG;2;CMSAJ;AVMET;2;AVIA1;1
GESMFL;2;CMSN;AVMET;0; ;1
GESMGL;2;CMSN;AVMET;0; ;1
GESMGLA;2;CMSN;AVMET;0; ;1
GESMIL;2;CMSN;AVMET;0; ;1
GESMML;2;CMSN;AVMET;0; ;1
GESMMS;2;CMS;AVMET;0; ;1
GESMOL;2;CMSN;AVMET;0; ;1
GESMPL;2;CMSN;AVMET;0; ;1
GESMRE;2;CMSN;AVMET;0; ;1
GESMRL;2;CMSN;AVMET;0; ;1
GESMRLA;2;CMSN;AVMET;0; ;1
GESMST;2;CMSGH;AVMET;0; ;1
GESMTK;2;CMSK;AVMET;2;AVIA1;1
GESMTL;2;CMSN;AVMET;0; ;1
GESMWC;2;CMS;AVMET;2;AVIA1;1
GESMWI;2;CMS;AVMET;2;AVIA1;1
GESMWS;2;CMS;AVMET;2;AVIA1;1
GESMWW;2;CMS;AVMET;2;AVIA1;1
GESMXL;2;CMS;AVMET;0; ;1
GESNTG;2;CMS;AVMET;0; ;1
GESOMM;2;CMS;AVMET;2;AVIA1;1
GESOMN;2;CMS;AVMET;2;AVIA1;1
GESOMP;2;CMS;AVMET;2;AVIA1;1
GESOMR;2;CMS;AVMET;0; ;1
GESOMT;2;CMS;AVMET;2;AVIA1;1
GESONA;2;CMS;AVMET;0; ;1
GESOPP;2;CMS;AVMET;2;AVIA1;1
GESORO;2;CMS;AVMET;0; ;1
GESORP;2;CMS;AVMET;0; ;1
GESORZ;2;CMS;AVMET;2;AVIA1;1
GESORZS;2;CMS;AVMET;2;AVIA1;1
GESOVE;2;CMS;AVMET;0; ;1
GESPAB;2;CMSVFT;AVMET;2;AVIA1;1
GESPAS;2;CMS;AVMET;2;AVIA1;1
GESPAY;2;CMSAVTLO;AVMET;2;AVIA1;1
GESPBL;2;CMS;AVMET;0; ;1
GESPBY;2;CMSN;AVMET;0; ;1
GESPCB;2;CMS;AVMET;2;AVIA1;1
GESPCO;2; ;AVMET;2;AVIA1;1
GESPDB;2;CMS;AVMET;0; ;1
GESPDM;2;CMS;AVMET;0; ;1
GESPEC;2;CMSN;AVMET;0; ;1
GESPER;2;CMS;AVMET;0; ;1
GESPFI1;2;CMSN;AVMET;0; ;1
GESPIH;2;CMSVEUI;AVMET;2;AVIA1;1
GESPIT;2;CMS;AVMET;0; ;1
GESPJA;2;CMS;AVMET;2;AVIA1;1
GESPJCC;2;CMSN;AVMET;0; ;1
GESPJM;2;CMS;AVMET;2;AVIA1;1
GESPLM;2;CMS;AVMET;0; ;1
GESPLP;2;CMSN;AVMET;2;AVIA1;1
GESPNH;2;CMSVK;AVMET;2;AVIA1;1
GESPOC;2;CMS;AVMET;2;AVIA1;1
GESPOD;2;CMST;AVMET;2;AVIA1;1
GESPOI;2;CMS;AVMET;2;AVIA1;1
GESPOO;2;CMS;AVMET;2;AVIA1;1
GESPOPSCV;2;CMS;AVMET;2;AVIA1;1
GESPOS;2;CMS;AVMET;0; ;1
GESPOV;2;CMS;AVMET;2;AVIA1;1
GESPPA;2;CMS;AVMET;2;AVIA1;1
GESPPC;2;CMS;AVMET;0; ;1
GESPPD;2;CMS;AVMET;2;AVIA1;1
GESPPL;2;CMS;AVMET;0; ;1
GESPPR;2;CMS;AVMET;0; ;1
GESPPTO;2;CMS;AVMET;2;AVIA1;1
GESPPTS;2;CMS;AVMET;0; ;1
GESPPY;2; ;AVMET;0; ;1
GESPQH;2;CMS;AVMET;2;AVIA1;1
GESPRE;2;CMSN;AVMET;0; ;1
GESPRH;2;CMSLG;AVMET;2;AVIA1;1
GESPRM;2;CMS;AVMET;0; ;1
GESPRS;2;CMS;AVMET;0; ;1
GESPRSS;2;CMS;AVMET;0; ;1
GESPRT;2;CMSN;AVMET;0; ;1
GESPRV;2;CMS;AVMET;0; ;1
GESPS1;2;CMS;AVMET;0; ;1
GESPS2;2;CMSN;AVMET;0; ;1
GESPSO;2;CMS;AVMET;2;AVIA1;1
GESPTA;2;CMSN;AVMET;0; ;1
GESPTC;2;CMSN;AVMET;0; ;1
GESPTD;2;CMSN;AVMET;0; ;1
GESPTE;2;CMSN;AVMET;0; ;1
GESPTF;2;CMSN;AVMET;0; ;1
GESPTH;2;CMSTKL;AVMET;2;AVIA1;1
GESPTH2;2;CMSTKL;AVMET;2;AVIA1;1
GESPTN;2;CMSN;AVMET;0; ;1
GESPTO;2;CMS;AVMET;0; ;1
GESPTR;2;CMSN;AVMET;0; ;1
GESPTR2;2;CMSN;AVMET;0; ;1
GESPTT;2;CMSN;AVMET;0; ;1
GESPWA;2;CMS;AVMET;0; ;1
GESPWI;2;CMS;AVMET;2;AVIA1;1
GESQCR;2;CMS;AVMET;2;AVIA1;1
GESQLC;2;CMS;AVMET;0; ;1
GESQST;2;CMS;AVMET;0; ;1
GESQUE;2;CMS;AVMET;0; ;1
GESRCC;2;CMS;AVMET;2;AVIA1;1
GESRCS;2;CMS;AVMET;2;AVIA1;1
GESRDE;2;CMSN;AVMET;2;AVIA1;1
GESREC;2;CMS;AVMET;0; ;1
GESREL;2;CMSVJ;AVMET;2;AVIA1;1
GESREP;2;CMS;AVMET;0; ;1
GESRLK;2;CMS;AVMET;0; ;1
GESROT;2;CMS;AVMET;2;AVIA1;1
GESROU;2;CMS;AVMET;2;AVIA1;1
GESROW;2;CMS;AVMET;2;AVIA1;1
GESRPA;2;CMS;AVMET;0; ;1
GESRQW;2;CMS;AVMET;2;AVIA1;1
GESRRS;2;CMS;AVMET;0; ;1
GESRSE;2;CMS;AVMET;2;AVIA1;1
GESRVA;2;CMS;AVMET;2;AVIA1;1
GESSCC;2;CMS;AVMET;2;AVIA1;1
GESSCCP;2;CMS;AVMET;2;AVIA1;1
GESSCO;2;CMSA;AVMET;2;AVIA1;1
GESSCP;2;CMS;AVMET;2;AVIA1;1
GESSCS;2;CMS;AVMET;2;AVIA1;1
GESSCT;2;CMSN;AVMET;0; ;1
GESSEA;2;CMS;AVMET;0; ;1
GESSER;2;CMS;AVMET;0; ;1
GESSES;2;CMS;AVMET;0; ;1
GESSFI1;2;CMS;AVMET;0; ;1
GESSHIP;2;CMS;AVMET;0; ;1
GESSIS;2;CMSD;AVMET;2;AVIA1;1
GESSLA;2;CMSN;AVMET;0; ;1
GESSLC;2;CMSN;AVMET;0; ;1
GESSLD;2;CMSN;AVMET;0; ;1
GESSLD2;2;CMSN;AVMET;0; ;1
GESSLI;2;CMSN;AVMET;0; ;1
GESSLL;2;CMSN;AVMET;0; ;1
GESSLM;2;CMS;AVMET;2;AVIA1;1
GESSLO;2;CMSN;AVMET;0; ;1
GESSLQ;2;CMSN;AVMET;0; ;1
GESSLR;2;CMSN;AVMET;0; ;1
GESSLS;2;CMSN;AVMET;0; ;1
GESSLT;2;CMSN;AVMET;0; ;1
GESSMO;2;CMSK;AVMET;2;AVIA1;1
GESSMX;2;CMS;AVMET;2;AVIA1;1
GESSNE;2;CMS;AVMET;0; ;1
GESSNP;2;CMSN;AVMET;0; ;1
GESSOH;2;CMSPLFADRI;AVMET;2;AVIA1;1
GESSOL;2;CMS;AVMET;0; ;1
GESSOQ;2;CMSA;AVMET;2;AVIA1;1
GESSOR;2;CMS;AVMET;2;AVIA1;1
GESSOT;2;CMSN;AVMET;0; ;1
GESSOV;2;CMS;AVMET;2;AVIA1;1
GESSPC;2;CMS;AVMET;0; ;1
GESSPK;2;CMSN;AVMET;0; ;1
GESSPL;2;CMS;AVMET;0; ;1
GESSPP;2;CMS;AVMET;0; ;1
GESSPR;2;CMS;AVMET;0; ;1
GESSPT;2;CMSG;AVMET;0; ;1
GESSQH;2;CMSP;AVMET;2;AVIA1;1
GESSQT;2;CMSN;AVMET;0; ;1
GESSRE;2;CMSGHKF;AVMET;2;AVIA1;1
GESSRG;2;CMSN;AVMET;0; ;1
GESSRH;2;CMSK;AVMET;2;AVIA1;1
GESSRL;2;CMSK;AVMET;2;AVIA1;1
GESSRO;2;CMSN;AVMET;0; ;1
GESSRS;2;CMSK;AVMET;2;AVIA1;1
GESSRT;2;CMSN;AVMET;0; ;1
GESSSP;2;CMS;AVMET;0; ;1
GESSST;2;CMS;AVMET;2;AVIA1;1
GESSTC;2;CMSN;AVMET;0; ;1
GESSTCITF;2; ;AVMET;0; ;1
GESSTE;2;CMS;AVMET;2;AVIA1;1
GESSTQ;2;CMSQ;AVMET;2;AVIA1;1
GESSTR;2;CMS;AVMET;2;AVIA1;1
GESSWA;2;CMS;AVMET;0; ;1
GESSYP;2;CMS;AVMET;0; ;1
GESSZP;2;CMS;AVMET;0; ;1
GESTAM;2;CMSN;AVMET;0; ;1
GESTAU;2;CMSN;AVMET;0; ;1
GESTBA;2;CMS;AVMET;0; ;1
GESTBO;2;CMS;AVMET;0; ;1
GESTBU;2;CMSN;AVMET;0; ;1
GESTCA;2;CMS;AVMET;0; ;1
GESTCI;2;CMS;AVMET;0; ;1
GESTCM;2;CMS;AVMET;0; ;1
GESTCO;2;CMS;AVMET;0; ;1
GESTCT;2;CMS;AVMET;0; ;1
GESTCU;2;CMS;AVMET;0; ;1
GESTCY;2;CMS;AVMET;0; ;1
GESTDA;2;CMS;AVMET;0; ;1
GESTEC;2;CMSN;AVMET;0; ;1
GESTED;2;CMS;AVMET;0; ;1
GESTEM;2;CMS;AVMET;0; ;1
GESTES;2;CMS;AVMET;0; ;1
GESTFB;2;CMS;AVMET;0; ;1
GESTFC;2;CMS;AVMET;0; ;1
GESTFO;2;CMS;AVMET;0; ;1
GESTFOLEG;2;CMS;AVMET;0; ;1
GESTFT;2;CMS;AVMET;0; ;1
GESTGL;2;CMS;AVMET;0; ;1
GESTGP;2;CMS;AVMET;0; ;1
GESTIT;2;CMSN;AVMET;0; ;1
GESTKI;2;CMS;AVMET;2;AVIA1;1
GESTLA;2;CMS;AVMET;0; ;1
GESTLO;2;CMS;AVMET;2;AVIA1;1
GESTLP;2;CMS;AVMET;0; ;1
GESTMD;2;CMS;AVMET;0; ;1
GESTMS;2;CMS;AVMET;0; ;1
GESTNH;2;CMS;AVMET;2;AVIA1;1
GESTPA;2;CMS;AVMET;0; ;1
GESTPE;2;CMSN;AVMET;0; ;1
GESTPM;2;CMS;AVMET;0; ;1
GESTPN;2;CMS;AVMET;0; ;1
GESTPT;2;CMS;AVMET;0; ;1
GESTPV;2;CMS;AVMET;0; ;1
GESTPV2;2;CMS;AVMET;0; ;1
GESTPY;2;CMSN;AVMET;0; ;1
GESTRE;2;CMS;AVMET;0; ;1
GESTRN;2;CMS;AVMET;0; ;1
GESTRNP;2;CMS;AVMET;0; ;1
GESTRO;2;CMS;AVMET;2;AVIA1;1
GESTRP;2;CMS;AVMET;0; ;1
GESTRU;2;CMS;AVMET;0; ;1
GESTSA;2;CMS;AVMET;0; ;1
GESTSC;2;CMSN;AVMET;0; ;1
GESTSD;2;CMS;AVMET;0; ;1
GESTSG;2;CMS;AVMET;0; ;1
GESTSH;2;CMSN;AVMET;0; ;1
GESTSK;2;CMS;AVMET;2;AVIA1;1
GESTSO;2;CMS;AVMET;0; ;1
GESTSQ;2;CMS;AVMET;0; ;1
GESTSR;2;CMS;AVMET;0; ;1
GESTST;2;CMS;AVMET;0; ;1
GESTSV;2;CMS;AVMET;0; ;1
GESTSV2;2;CMS;AVMET;0; ;1
GESTTN;2;CMS;AVMET;0; ;1
GESTUN;2;CMS;AVMET;0; ;1
GESTUV;2;CMS;AVMET;0; ;1
GESTUVM;2;CMS;AVMET;0; ;1
GESTVB;2;CMSN;AVMET;0; ;1
GESTVC;2;CMSN;AVMET;0; ;1
GESTVI;2;CMSN;AVMET;0; ;1
GESTVT;2;CMS;AVMET;0; ;1
GESTWC;2;CMS;AVMET;0; ;1
GESTWD;2;CMS;AVMET;0; ;1
GESTWDCRM;2;CMS;AVMET;0; ;1
GESTXS;2;CMS;AVMET;0; ;1
GESTXW;2;CMS;AVMET;2;AVIA1;1
GESTZL;2;CMS;AVMET;0; ;1
GESVCL;2;CMS;AVMET;0; ;1
GESVTB;2;CMS;AVMET;0; ;1
GESWRH;2;CMS;AVMET;2;AVIA1;1
GESXM2;2;CMSN;AVMET;0; ;1
GESXMA;2;CMSN;AVMET;0; ;1
GESXNC;2;CMS;AVMET;0; ;1
GESXTL;2;CMS;AVMET;0; ;1
GESXX1JMTUN;2;CMS;AVMET;0; ;1
GEXPENCH;2; ;AVMET;0; ;1
GEXPOBJ;2;T;AVMET;0; ;1
GIMP;2; ;AVMET;0; ;1
GIMPA;2; ;AVMET;0; ;1
GIMPC;2; ;AVMET;0; ;1
GIMPENCH;2; ;AVMET;0; ;1
GIMPEXPPAR;2; ;AVMET;0; ;1
GIMPF;2; ;AVMET;0; ;1
GIMPM;2; ;AVMET;0; ;1
GIMPOBJ;2;T;AVMET;0; ;1
GIMPP;2; ;AVMET;0; ;1
GIMPS;2; ;AVMET;0; ;1
GIMPV;2; ;AVMET;0; ;1
GMAINT;2; ;AVMET;0; ;1
GPORT;2; ;AVMET;0; ;1
GRACAL;2; ;AVMET;2;AVIA1;1
GSTDCOL;2; ;AVMET;0; ;1
GSTR;2; ;AVMET;0; ;1
GTAB;2; ;AVMET;0; ;1
GTAD;2; ;AVMET;0; ;1
GTRA;2; ;AVMET;0; ;1
GTRE;2; ;AVMET;0; ;1
GTRR;2; ;AVMET;0; ;1
GTRS;2; ;AVMET;0; ;1
GTRT;2; ;AVMET;0; ;1
GUNIT;2; ;AVMET;0; ;1
GUTIL;2; ;AVMET;0; ;1
HONLINANN;2; ;AVMET;2;AVIA1;1
HONLINEXT;2; ;AVMET;2;AVIA1;1
IMPAYE;2; ;AVMET;2;AVIA1;1
IMPDOS;2; ;AVMET;0; ;1
IMPORTV3;2; ;AVMET;0; ;1
INTF;2; ;AVMET;0; ;1
IPTACPTCLI;2; ;AVMET;2;AVIA1;1
IPTACPTFOU;2; ;AVMET;2;AVIA1;1
LCKSRC;2; ;AVMET;0; ;1
LEAPAY;2; ;AVMET;2;AVIA1;1
LECTRACE;2;S;AVMET;0; ;1
LETTRAGE;2; ;AVMET;2;AVIA1;1
LETTRAUTO;2; ;AVMET;2;AVIA1;1
LIA;2; ;AVMET;0; ;1
LOFGRPFAS;2; ;AVMET;2;AVIA1;1
LOFVATREG;2; ;AVMET;2;AVIA1;1
LTPAR;2;CMS;AVMET;2;AVIA1;1
MACA;2; ;AVMET;0; ;1
MACO;2; ;AVMET;0; ;1
MAPOR;2; ;AVMET;0; ;1
MAPS;2; ;AVMET;0; ;1
MAUD;2; ;AVMET;0; ;1
MAUDF;2; ;AVMET;0; ;1
MBACT;2; ;AVMET;0; ;1
MCAD;2; ;AVMET;0; ;1
MCANA;2; ;AVMET;0; ;1
MCAS;2; ;AVMET;0; ;1
MCCNS;2; ;AVMET;0; ;1
MCDBA;2; ;AVMET;0; ;1
MCDIV;2; ;AVMET;0; ;1
MCEM;2; ;AVMET;0; ;1
MCENC;2; ;AVMET;0; ;1
MCFG;2; ;AVMET;0; ;1
MCFGA;2; ;AVMET;0; ;1
MCFGM;2; ;AVMET;0; ;1
MCICC;2; ;AVMET;0; ;1
MCMFC;2; ;AVMET;0; ;1
MCON;2; ;AVMET;0; ;1
MCQU;2; ;AVMET;0; ;1
MCRE;2; ;AVMET;0; ;1
MCRM;2; ;AVMET;0; ;1
MCSCC;2; ;AVMET;0; ;1
MCST;2; ;AVMET;0; ;1
MCTA;2; ;AVMET;0; ;1
MCUTI;2; ;AVMET;0; ;1
MDBA;2; ;AVMET;0; ;1
MDBLC;2; ;AVMET;0; ;1
MDBOM;2; ;AVMET;0; ;1
MDBPR;2; ;AVMET;0; ;1
MDBPU;2; ;AVMET;0; ;1
MDCAN;2; ;AVMET;0; ;1
MDCGE;2; ;AVMET;0; ;1
MDCPT;2; ;AVMET;0; ;1
MDDEB;2; ;AVMET;0; ;1
MDEB;2; ;AVMET;0; ;1
MDEBP;2; ;AVMET;0; ;1
MDEBS;2; ;AVMET;0; ;1
MDFAS;2; ;AVMET;0; ;1
MDIMP;2; ;AVMET;0; ;1
MDITC;2; ;AVMET;0; ;1
MDITM;2; ;AVMET;0; ;1
MDITU;2; ;AVMET;0; ;1
MDMW;2; ;AVMET;0; ;1
MDMWP;2; ;AVMET;0; ;1
MDMWS;2; ;AVMET;0; ;1
MDON;2; ;AVMET;0; ;1
MDRBP;2; ;AVMET;0; ;1
MDRCO;2; ;AVMET;0; ;1
MDRGP;2; ;AVMET;0; ;1
MDRIT;2; ;AVMET;0; ;1
MDRLO;2; ;AVMET;0; ;1
MDTCLS;2;CMS;AVMET;0; ;1
MDTRS;2; ;AVMET;0; ;1
MDWAS;2; ;AVMET;0; ;1
MEADL;2; ;AVMET;0; ;1
MEGEN;2; ;AVMET;0; ;1
MEIMP;2; ;AVMET;0; ;1
MENV;2; ;AVMET;0; ;1
MEPGC;2; ;AVMET;0; ;1
MEPGD;2; ;AVMET;0; ;1
MEPGE;2; ;AVMET;0; ;1
MEPGT;2; ;AVMET;0; ;1
MESINT;2; ;AVMET;0; ;1
METDI;2;z;AVMET;0; ;1
MEUSR;2; ;AVMET;0; ;1
MEWFL;2; ;AVMET;0; ;1
MEXFA;2; ;AVMET;0; ;1
MEXP;2; ;AVMET;0; ;1
MEXS;2; ;AVMET;0; ;1
MFAE;2; ;AVMET;0; ;1
MFAS;2; ;AVMET;0; ;1
MFASC;2; ;AVMET;0; ;1
MFASM;2; ;AVMET;0; ;1
MFAST;2; ;AVMET;0; ;1
MFCNS;2; ;AVMET;0; ;1
MFEE;2; ;AVMET;0; ;1
MFFXM;2; ;AVMET;0; ;1
MFIN;2; ;AVMET;0; ;1
MFRA;2; ;AVMET;0; ;1
MFRPT;2; ;AVMET;0; ;1
MFSTA;2; ;AVMET;0; ;1
MFSTC;2; ;AVMET;0; ;1
MFSTM;2; ;AVMET;0; ;1
MFSTR;2; ;AVMET;0; ;1
MFSTS;2; ;AVMET;0; ;1
MFSTU;2; ;AVMET;0; ;1
MHCNS;2; ;AVMET;0; ;1
MHDA;2; ;AVMET;0; ;1
MHDK;2; ;AVMET;0; ;1
MIMP;2; ;AVMET;0; ;1
MINV;2; ;AVMET;0; ;1
MLIVR;2; ;AVMET;0; ;1
MLOCF;2; ;AVMET;0; ;1
MMANL;2; ;AVMET;0; ;1
MMAUA;2; ;AVMET;0; ;1
MMAUJ;2; ;AVMET;0; ;1
MMAUO;2; ;AVMET;0; ;1
MMAUT;2; ;AVMET;0; ;1
MMES;2; ;AVMET;0; ;1
MMFG;2; ;AVMET;0; ;1
MMINA;2; ;AVMET;0; ;1
MMINC;2; ;AVMET;0; ;1
MMINE;2; ;AVMET;0; ;1
MMINQ;2; ;AVMET;0; ;1
MMINR;2; ;AVMET;0; ;1
MMINS;2; ;AVMET;0; ;1
MMINV;2; ;AVMET;0; ;1
MMKA;2; ;AVMET;0; ;1
MMKG;2; ;AVMET;0; ;1
MMMS;2; ;AVMET;0; ;1
MMOUL;2; ;AVMET;0; ;1
MMPLN;2; ;AVMET;0; ;1
MMPS;2; ;AVMET;0; ;1
MMQLY;2; ;AVMET;0; ;1
MMROU;2; ;AVMET;0; ;1
MMSFT;2; ;AVMET;0; ;1
MMSINT;2; ;AVMET;0; ;1
MMTDU;2; ;AVMET;0; ;1
MMTEC;2; ;AVMET;0; ;1
MMTRK;2; ;AVMET;0; ;1
MMUTI;2; ;AVMET;0; ;1
MMWCR;2; ;AVMET;0; ;1
MODCPT;2; ;AVMET;0; ;1
MODECHE;2;EBT;AVMET;2;AVIA1;1
MODECHE2;2;EBT;AVMET;2;AVIA1;1
MONO;2; ;AVMET;0; ;1
MORO;2; ;AVMET;0; ;1
MORP;2; ;AVMET;0; ;1
MOTH;2; ;AVMET;0; ;1
MOTHD;2; ;AVMET;0; ;1
MOTHP;2; ;AVMET;0; ;1
MOTHS;2; ;AVMET;0; ;1
MOTIF;2; ;AVMET;0; ;1
MPACA;2; ;AVMET;0; ;1
MPCNC;2; ;AVMET;0; ;1
MPCND;2; ;AVMET;0; ;1
MPCNE;2; ;AVMET;0; ;1
MPCNF;2; ;AVMET;0; ;1
MPCNI;2; ;AVMET;0; ;1
MPCNR;2; ;AVMET;0; ;1
MPCNS;2; ;AVMET;0; ;1
MPCNZ;2; ;AVMET;0; ;1
MPERE;2; ;AVMET;0; ;1
MPERS;2; ;AVMET;0; ;1
MPHDK;2; ;AVMET;0; ;1
MPINV;2; ;AVMET;0; ;1
MPJM;2; ;AVMET;0; ;1
MPLM;2; ;AVMET;0; ;1
MPMKA;2; ;AVMET;0; ;1
MPMKG;2; ;AVMET;0; ;1
MPOPG;2; ;AVMET;0; ;1
MPORD;2; ;AVMET;0; ;1
MPQUO;2; ;AVMET;0; ;1
MPRC;2; ;AVMET;0; ;1
MPRCP;2; ;AVMET;0; ;1
MPREQ;2; ;AVMET;0; ;1
MPRET;2; ;AVMET;0; ;1
MPRP;2; ;AVMET;0; ;1
MPRQS;2; ;AVMET;0; ;1
MPSCO;2; ;AVMET;0; ;1
MPSUP;2; ;AVMET;0; ;1
MPSYN;2; ;AVMET;0; ;1
MPTAR;2; ;AVMET;0; ;1
MPTRS;2; ;AVMET;0; ;1
MPUR;2; ;AVMET;0; ;1
MPUTI;2; ;AVMET;0; ;1
MREMP;2; ;AVMET;0; ;1
MRPA;2; ;AVMET;0; ;1
MSAL;2; ;AVMET;0; ;1
MSALL;2; ;AVMET;0; ;1
MSCM;2; ;AVMET;0; ;1
MSCMA;2; ;AVMET;0; ;1
MSCNA;2; ;AVMET;0; ;1
MSCNC;2; ;AVMET;0; ;1
MSCND;2; ;AVMET;0; ;1
MSCNF;2; ;AVMET;0; ;1
MSCNL;2; ;AVMET;0; ;1
MSCNR;2; ;AVMET;0; ;1
MSCNS;2; ;AVMET;0; ;1
MSCUN;2; ;AVMET;0; ;1
MSDLV;2; ;AVMET;0; ;1
MSEPP;2; ;AVMET;0; ;1
MSETI;2; ;AVMET;0; ;1
MSEXT;2; ;AVMET;0; ;1
MSHIP;2; ;AVMET;0; ;1
MSINA;2; ;AVMET;0; ;1
MSINL;2; ;AVMET;0; ;1
MSINM;2; ;AVMET;0; ;1
MSINQ;2; ;AVMET;0; ;1
MSINS;2; ;AVMET;0; ;1
MSINT;2; ;AVMET;0; ;1
MSINV;2; ;AVMET;0; ;1
MSLOT;2; ;AVMET;0; ;1
MSMTO;2; ;AVMET;0; ;1
MSORD;2; ;AVMET;0; ;1
MSPAC;2; ;AVMET;0; ;1
MSPER;2; ;AVMET;0; ;1
MSPR2;2; ;AVMET;0; ;1
MSPRE;2; ;AVMET;0; ;1
MSPUR;2; ;AVMET;0; ;1
MSQUA;2; ;AVMET;0; ;1
MSQUO;2; ;AVMET;0; ;1
MSREO;2; ;AVMET;0; ;1
MSRET;2; ;AVMET;0; ;1
MSSYN;2; ;AVMET;0; ;1
MSSYV;2; ;AVMET;0; ;1
MSTAR;2; ;AVMET;0; ;1
MSTAT;2; ;AVMET;0; ;1
MSTO;2; ;AVMET;0; ;1
MSUPP;2; ;AVMET;0; ;1
MSUTI;2; ;AVMET;0; ;1
MSVAL;2; ;AVMET;0; ;1
MTAXE;2; ;AVMET;0; ;1
MTC;2; ;AVMET;0; ;1
MTDI;2; ;AVMET;0; ;1
MTRSN;2; ;AVMET;0; ;1
MULTI;2; ;AVMET;0; ;1
MULTIWOX;2; ;AVMET;2;AVIA1;1
MUSA;2; ;AVMET;0; ;1
MUSER;2; ;AVMET;0; ;1
MUTI;2; ;AVMET;0; ;1
NTFQUIT;2; ;AVMET;2;AVIA1;1
OPNFIY;2; ;AVMET;2;AVIA1;1
OPNPER;2; ;AVMET;2;AVIA1;1
ORDWIPVAL;2; ;AVMET;2;AVIA1;1
OROINT;2; ;AVMET;2;AVIA1;1
ORPINT;2; ;AVMET;2;AVIA1;1
PACPA;2; ;AVMET;0; ;1
PACPF;2; ;AVMET;0; ;1
PACPG;2; ;AVMET;0; ;1
PACPT;2; ;AVMET;0; ;1
PAEDI;2; ;AVMET;0; ;1
PAINT;2; ;AVMET;0; ;1
PAMFG;2; ;AVMET;0; ;1
PAPTL;2; ;AVMET;0; ;1
PAPTY;2; ;AVMET;0; ;1
PAPUR;2; ;AVMET;0; ;1
PAPUT;2; ;AVMET;0; ;1
PASAL;2; ;AVMET;0; ;1
PASAT;2; ;AVMET;0; ;1
PASSE;2; ;AVMET;0; ;1
PASTO;2; ;AVMET;0; ;1
PASTY;2; ;AVMET;0; ;1
PATCH;2; ;AVMET;0; ;1
PATCHT;2; ;AVMET;0; ;1
PATRS;2; ;AVMET;0; ;1
PAYMEP;2;GU;AVMET;2;AVIA1;1
PAYPROPAL;2; ;AVMET;2;AVIA1;1
PECR;2; ;AVMET;0; ;1
PEXS;2; ;AVMET;0; ;1
PFIC;2; ;AVMET;0; ;1
PHYISSM;2; ;AVMET;2;AVIA1;1
PHYTRFM;2; ;AVMET;2;AVIA1;1
PJMACTAFCP;2; ;AVMET;0; ;1
PJMFINOV0;2; ;AVMET;0; ;1
PJMRPTEXT;2; ;AVMET;2;AVIA1;1
PJMSOQSYN;2; ;AVMET;2;AVIA1;1
PJMTE;2;CMS;AVMET;2;AVIA1;1
PLMINT;2; ;AVMET;0; ;1
POINTAGE;2; ;AVMET;2;AVIA1;1
PREL;2; ;AVMET;0; ;1
PRHBATCH;2; ;AVMET;0; ;1
PROROG;2; ;AVMET;2;AVIA1;1
PROROGC;2; ;AVMET;2;AVIA1;1
PSADX;2;KS;AVMET;0; ;1
PSIMP;2;K;AVMET;0; ;1
PSOPTFREE;2; ;AVMET;2;AVIA1;1
RAPBAN;2; ;AVMET;2;AVIA1;1
RAPLCRAUT;2; ;AVMET;2;AVIA1;1
RAPLCRMAN;2; ;AVMET;2;AVIA1;1
RAZDOS;2; ;AVMET;0; ;1
RECBAL;2; ;AVMET;2;AVIA1;1
RECBLA;2; ;AVMET;2;AVIA1;1
RECBLM;2; ;AVMET;2;AVIA1;1
RECBLQ;2; ;AVMET;2;AVIA1;1
RECECT;2; ;AVMET;2;AVIA1;1
RECENG;2; ;AVMET;2;AVIA1;1
RECHACC;2; ;AVMET;0; ;1
RECHACI;2; ;AVMET;0; ;1
RECHACT;2; ;AVMET;0; ;1
RECHADC;2; ;AVMET;0; ;1
RECHAMZ;2; ;AVMET;0; ;1
RECHDU;2; ;AVMET;2;AVIA1;1
RECHMESS;2; ;AVMET;0; ;1
RECHTXT;2; ;AVMET;0; ;1
RECHTYP;2; ;AVMET;0; ;1
RECLET;2; ;AVMET;2;AVIA1;1
RECOBJTXT;2; ;AVMET;0; ;1
RECPYRACC;2; ;AVMET;0; ;1
RECPYRCCE;2; ;AVMET;0; ;1
RECSOL;2; ;AVMET;2;AVIA1;1
RECTXTUTI;2; ;AVMET;0; ;1
RECUPLNK;2; ;AVMET;0; ;1
RELBANK;2; ;AVMET;0; ;1
RELLCR;2; ;AVMET;2;AVIA1;1
REMBAN;2;GU;AVMET;2;AVIA1;1
REMCPT;2;GU;AVMET;2;AVIA1;1
REMPLCOMP;2; ;AVMET;0; ;1
REMPLSRV;2; ;AVMET;0; ;1
REPLCR;2; ;AVMET;2;AVIA1;1
REPRISEAE;2; ;AVMET;0; ;1
RETACC;2; ;AVMET;2;AVIA1;1
RFI5M;2; ;AVMET;2;AVIA1;1
RFI60;2; ;AVMET;2;AVIA1;1
RFI64;2; ;AVMET;2;AVIA1;1
RFI68;2; ;AVMET;2;AVIA1;1
RFI6M;2; ;AVMET;0; ;1
RFIS;2; ;AVMET;0; ;1
RPAINT;2; ;AVMET;0; ;1
RPT01;2; ;AVMET;0; ;1
RPT02;2; ;AVMET;2;AVIA1;1
RPT03;2; ;AVMET;2;AVIA1;1
RPT04;2; ;AVMET;2;AVIA1;1
RPT05;2; ;AVMET;2;AVIA1;1
RPT06;2; ;AVMET;2;AVIA1;1
RPT08;2; ;AVMET;2;AVIA1;1
RPT09;2; ;AVMET;2;AVIA1;1
RPT10;2; ;AVMET;2;AVIA1;1
RPT11;2; ;AVMET;2;AVIA1;1
RPT12;2; ;AVMET;2;AVIA1;1
RPT13;2; ;AVMET;2;AVIA1;1
RPT14;2; ;AVMET;2;AVIA1;1
RPT15;2; ;AVMET;2;AVIA1;1
RPT16;2; ;AVMET;2;AVIA1;1
RPT18;2; ;AVMET;2;AVIA1;1
RPT19;2; ;AVMET;2;AVIA1;1
RPT20;2; ;AVMET;2;AVIA1;1
RPT21;2; ;AVMET;2;AVIA1;1
RPT22;2; ;AVMET;2;AVIA1;1
RPT23;2; ;AVMET;2;AVIA1;1
RPT24;2; ;AVMET;2;AVIA1;1
RPT25;2; ;AVMET;2;AVIA1;1
RPT26;2; ;AVMET;2;AVIA1;1
RPT27;2; ;AVMET;2;AVIA1;1
RPT28;2; ;AVMET;2;AVIA1;1
RPT29;2; ;AVMET;2;AVIA1;1
RPT31;2; ;AVMET;2;AVIA1;1
RPT32;2; ;AVMET;2;AVIA1;1
RPT33;2; ;AVMET;2;AVIA1;1
RPT34;2; ;AVMET;2;AVIA1;1
RPT35;2; ;AVMET;2;AVIA1;1
RPT5M;2; ;AVMET;2;AVIA1;1
RPT60;2; ;AVMET;2;AVIA1;1
RPT64;2; ;AVMET;2;AVIA1;1
RPT68;2; ;AVMET;2;AVIA1;1
RPT6F;2; ;AVMET;2;AVIA1;1
RPT6M;2; ;AVMET;2;AVIA1;1
RPTF1;2; ;AVMET;2;AVIA1;1
RPTF2;2; ;AVMET;2;AVIA1;1
RPTF3;2; ;AVMET;2;AVIA1;1
RPTF4;2; ;AVMET;2;AVIA1;1
RPTF5;2; ;AVMET;2;AVIA1;1
RPTF6;2; ;AVMET;2;AVIA1;1
RPTF7;2; ;AVMET;2;AVIA1;1
RPTF8;2; ;AVMET;2;AVIA1;1
RPTF9;2; ;AVMET;2;AVIA1;1
SAIFCT;2; ;AVMET;2;AVIA1;1
SAISTA;2; ;AVMET;2;AVIA1;1
SAISTACPY;2; ;AVMET;0; ;1
SAIWRKMAN;2; ;AVMET;2;AVIA1;1
SAIWRKPLN;2;GAU;AVMET;0; ;1
SCMAINT;2; ;AVMET;0; ;1
SEPAR;2;CMS;AVMET;0; ;1
SIMULFINEX;2; ;AVMET;2;AVIA1;1
SOLABT;2;U;AVMET;2;AVIA1;1
SPCE;2; ;AVMET;0; ;1
SQLDICO;2; ;AVMET;0; ;1
SUBHLN;2; ;AVMET;2;AVIA1;1
SUPGAMME;2; ;AVMET;2;AVIA1;1
SUPPRCOMP;2; ;AVMET;0; ;1
SUPPRSRV;2; ;AVMET;0; ;1
SYNCHDICO;2; ;AVMET;0; ;1
SYNCHTXT;2; ;AVMET;0; ;1
SYNCLLC;2; ;AVMET;0; ;1
SYSTEME;2; ;AVMET;0; ;1
TCONS;2; ;AVMET;0; ;1
TDBOR;2; ;AVMET;0; ;1
TDSCTL;2; ;AVMET;2;AVIA1;1
TDSGENE;2; ;AVMET;2;AVIA1;1
TRFSAC;2;U;AVMET;2;AVIA1;1
TRMFG;2; ;AVMET;0; ;1
TRPUR;2; ;AVMET;0; ;1
TRSAL;2; ;AVMET;0; ;1
TRSCH;2; ;AVMET;0; ;1
TRSDO;2; ;AVMET;0; ;1
TRSDU;2; ;AVMET;0; ;1
TRSFC;2; ;AVMET;0; ;1
TRSIM;2; ;AVMET;0; ;1
TRSIN;2; ;AVMET;0; ;1
TRSPY;2; ;AVMET;0; ;1
TRSRE;2; ;AVMET;0; ;1
TRSTO;2; ;AVMET;0; ;1
TRTCPTINT;2; ;AVMET;2;AVIA1;1
TRTF;2; ;AVMET;0; ;1
TRTP;2; ;AVMET;0; ;1
TRTPRO;2; ;AVMET;0; ;1
TRTPROP;2; ;AVMET;0; ;1
TRTSTA;2; ;AVMET;0; ;1
TXSGRP;2; ;AVMET;2;AVIA1;1
TXT;2;MCS;AVMET;0; ;1
UCREDEPCUM;2; ;AVMET;0; ;1
UDELPLN;2; ;AVMET;0; ;1
UMAJDEROG;2; ;AVMET;0; ;1
UMAJSUIV;2; ;AVMET;0; ;1
UPDWAITRT;2;CMS;AVMET;0; ;1
UTI0;2; ;AVMET;0; ;1
UTI1;2; ;AVMET;0; ;1
UTI1B;2; ;AVMET;0; ;1
UTI1D;2; ;AVMET;0; ;1
UTI1S;2; ;AVMET;0; ;1
UTI1V;2; ;AVMET;0; ;1
UTI2;2; ;AVMET;0; ;1
UTI2A;2; ;AVMET;0; ;1
UTI2C;2; ;AVMET;0; ;1
UTI2D;2; ;AVMET;0; ;1
UTI2V;2; ;AVMET;0; ;1
UTI3;2; ;AVMET;0; ;1
UTI4;2; ;AVMET;0; ;1
UTI5;2; ;AVMET;0; ;1
UTI6;2; ;AVMET;0; ;1
UTI7;2; ;AVMET;0; ;1
UTI8;2; ;AVMET;0; ;1
UTI9;2; ;AVMET;0; ;1
UTIBASE;2; ;AVMET;0; ;1
UTICHK;2; ;AVMET;2;AVIA1;1
UTICLOPER;2; ;AVMET;2;AVIA1;1
UTIDEP;2; ;AVMET;0; ;1
UTIEN;2; ;AVMET;0; ;1
UTIFIYPER;2; ;AVMET;2;AVIA1;1
UTIGNRLED;2; ;AVMET;2;AVIA1;1
UTILE;2; ;AVMET;0; ;1
UTILEG;2; ;AVMET;2;AVIA1;1
UTIMI;2; ;AVMET;0; ;1
UTIRE;2; ;AVMET;0; ;1
VALABT;2;U;AVMET;2;AVIA1;1
VALBIS;2;U;AVMET;2;AVIA1;1
VALDICO;2; ;AVMET;0; ;1
VALMDT;2;CMS;AVMET;0; ;1
VALMENU;2; ;AVMET;0; ;1
VALPCE;2; ;AVMET;0; ;1
VALPORT;2; ;AVMET;2;AVIA1;1
VALSTA;2; ;AVMET;2;AVIA1;1
VATSAI;2;U;AVMET;2;AVIA1;1
VATST;2; ;AVMET;0; ;1
VERFEURO;2; ;AVMET;0; ;1
VERROU;2; ;AVMET;0; ;1
VERSYMB;2; ;AVMET;0; ;1
VISUAYS;2; ;AVMET;0; ;1
VISUBOMG;2; ;AVMET;2;AVIA1;1
VISUBOMROU;2; ;AVMET;2;AVIA1;1
VISUCFG;2; ;AVMET;0; ;1
VISUROUBOM;2; ;AVMET;2;AVIA1;1
VISUROUG;2; ;AVMET;2;AVIA1;1
VXABP;2; ;AVMET;0; ;1
VXACC;2; ;AVMET;0; ;1
VXADC;2; ;AVMET;0; ;1
VXADI;2; ;AVMET;0; ;1
VXADM;2; ;AVMET;0; ;1
VXADS;2; ;AVMET;0; ;1
VXAIT;2; ;AVMET;0; ;1
VXALR;2; ;AVMET;0; ;1
VXAMO;2; ;AVMET;0; ;1
VXAMR;2; ;AVMET;0; ;1
VXAMT;2; ;AVMET;0; ;1
VXAOT;2; ;AVMET;0; ;1
VXAPR;2; ;AVMET;0; ;1
VXAPT;2; ;AVMET;0; ;1
VXASC;2; ;AVMET;0; ;1
VXASP;2; ;AVMET;0; ;1
VXASS;2; ;AVMET;2;AVIA1;1
VXAST;2; ;AVMET;0; ;1
VXASY;2; ;AVMET;0; ;1
VXBDI;2; ;AVMET;0; ;1
VXBIT;2; ;AVMET;0; ;1
VXBMO;2; ;AVMET;0; ;1
VXBMT;2; ;AVMET;0; ;1
VXBRKI;2; ;AVMET;0; ;1
VXBRKO;2; ;AVMET;0; ;1
VXBSC;2; ;AVMET;0; ;1
VXBST;2; ;AVMET;0; ;1
VXCAS;2; ;AVMET;0; ;1
VXCEM;2; ;AVMET;0; ;1
VXCNS;2; ;AVMET;0; ;1
VXECI;2; ;AVMET;0; ;1
VXECO;2; ;AVMET;0; ;1
VXELP;2; ;AVMET;0; ;1
VXINDI;2; ;AVMET;0; ;1
VXINDO;2; ;AVMET;0; ;1
VXRUNI;2; ;AVMET;0; ;1
VXRUNO;2; ;AVMET;0; ;1
VXSETI;2; ;AVMET;0; ;1
VXSETO;2; ;AVMET;0; ;1
X4EQUIPE;2; ;AVMET;0; ;1
X4TPS;2; ;AVMET;0; ;1
X4TPSASUP;2; ;AVMET;0; ;1
X4TPSVAL;2; ;AVMET;0; ;1
X4TREGSUP;2; ;AVMET;0; ;1
X4TVALITPG;2; ;AVMET;0; ;1
X4TVALITPS;2; ;AVMET;0; ;1
XX1JHGESHAB;2;CMS;AVMET;2;AVIA1;1
XX1JL;2; ;AVMET;0; ;1
XX1JMPM;2; ;AVMET;0; ;1
XX1JQ;2; ;AVMET;0; ;1
XX1JTRA;2; ;AVMET;0; ;1
ATDOC;2; ;AVMET;0; ;1
ATFCT;2; ;AVMET;0; ;1
ATPRD;2; ;AVMET;0; ;1
ATRAD;2; ;AVMET;0; ;1
ATSTREC;2; ;AVMET;0; ;1
BANAFFM;2;U;AVMET;2;AVIA1;1
ATSTSAV;2; ;AVMET;0; ;1
ATXTTRAD;2; ;AVMET;0; ;1
BPRMERGE;2; ;AVMET;2;AVIA1;1
AUSRSTA;2; ;AVMET;0; ;1
AVALAFC;2; ;AVMET;0; ;1
AVERIFSRC;2; ;AVMET;0; ;1
AVOCAB;2; ;AVMET;0; ;1
BANREC;2; ;AVMET;2;AVIA1;1
CALCSTCUT;2; ;AVMET;2;AVIA1;1
AYT;2; ;AVMET;0; ;1
GESBOS;2;CMS;AVMET;0; ;1
APARHIS;2; ;AVMET;0; ;1
GESXX1JMMO;2;CMS;AVMET;0; ;1
AYT1;2; ;AVMET;0; ;1
GESBOD;2;CMS;AVMET;0; ;1
ZBAROFCRIT;2; ;AVMET;1; ;1
GESXX1JQXIN;2;M;AVMET;0; ;1
ZPJAJITM;2; ;AVMET;2;AVIA1;1
ZPJAJROO;2; ;AVMET;2;AVIA1;1
ZPJRPLITM;2; ;AVMET;2;AVIA1;1
ZPJRPLROO;2; ;AVMET;2;AVIA1;1
GESSMR;2;CKMS;AVMET;2;AVIA1;1
PJMACTTAS;2;1CMOS;AVMET;1; ;1
CALMFGCOST;2; ;AVMET;2;AVIA1;1
APATCH;2; ;AVMET;0; ;1
APRTRAD;2; ;AVMET;0; ;1
AYTFCYGEN;2; ;AVMET;0; ;1
ARCHFLASH;2; ;AVMET;0; ;1
AYTFCYTAR;2; ;AVMET;0; ;1
ARCHGENTRT;2; ;AVMET;0; ;1
ARCHTRT;2; ;AVMET;0; ;1
AYTL;2; ;AVMET;0; ;1
BPCREDITD;2; ;AVMET;0; ;1
ARCVISU;2;CMS;AVMET;0; ;1
AYTP;2; ;AVMET;0; ;1
BPCVAL;2;U;AVMET;2;AVIA1;1
BUDCOP;2; ;AVMET;2;AVIA1;1
CALCSTSIM;2; ;AVMET;2;AVIA1;1
GESPRH2;2; ;AVMET;2;AVIA1;1
GESSDH2;2; ;AVMET;2;AVIA1;1
ARCVISUOBJ;2;CMS;AVMET;0; ;1
AYTS;2; ;AVMET;0; ;1
AYTT;2; ;AVMET;0; ;1
AYTWSRGES;2; ;AVMET;0; ;1
BALCONSO;2; ;AVMET;2;AVIA1;1
CNSXTPS;2; ;AVMET;0; ;1
CONSBAGF;2; ;AVMET;2;AVIA1;1
CONSBAH;2; ;AVMET;2;AVIA1;1
CONSBAHF;2; ;AVMET;2;AVIA1;1
CONSBAL;2; ;AVMET;2;AVIA1;1
CONSBAN;2; ;AVMET;2;AVIA1;1
CONSBPSI;2; ;AVMET;0; ;1
CONSBSE;2; ;AVMET;2;AVIA1;1
CONSBTR;2; ;AVMET;2;AVIA1;1
CONSCHQ;2; ;AVMET;0; ;1
CONSCOL;2; ;AVMET;2;AVIA1;1
GESSNL;2;M;AVMET;2;AVIA1;1
ARECAUO;2; ;AVMET;0; ;1
BPOINET;2; ;AVMET;2;AVIA1;1
BUDGET;2; ;AVMET;2;AVIA1;1
CALCSTUPD;2; ;AVMET;2;AVIA1;1
CALSCOCOST;2; ;AVMET;2;AVIA1;1
CHXPERSO;2; ;AVMET;0; ;1
CMMREP;2; ;AVMET;2;AVIA1;1
CMPGAU;2; ;AVMET;0; ;1
CNVECAR;2; ;AVMET;2;AVIA1;1
CNVUTF8;2; ;AVMET;0; ;1
CODACC;2; ;AVMET;0; ;1
CODCTL;2; ;AVMET;0; ;1
COMBOS;2; ;AVMET;0; ;1
COMPCOUT;2; ;AVMET;2;AVIA1;1
COMPCOUTM;2; ;AVMET;2;AVIA1;1
CONSALLA;2; ;AVMET;2;AVIA1;1
CONSALLG;2; ;AVMET;2;AVIA1;1
CONSALLS;2; ;AVMET;2;AVIA1;1
CONSALO;2; ;AVMET;0; ;1
CONSAUD;2; ;AVMET;0; ;1
CONSAUH;2; ;AVMET;0; ;1
CONSAYU;2; ;AVMET;0; ;1
CONSBAF;2; ;AVMET;2;AVIA1;1
CONSBAG;2; ;AVMET;2;AVIA1;1
CALCSTSTD;2; ;AVMET;2;AVIA1;1
ABATPAR;2; ;AVMET;0; ;1
ABT;2; ;AVMET;0; ;1
ACHANGE;2; ;AVMET;0; ;1
ACOMPOBJ;2; ;AVMET;0; ;1
ACOPADO;2; ;AVMET;0; ;1
ACOPAPH;2; ;AVMET;0; ;1
ACOPDIC;2; ;AVMET;0; ;1
ACOPELT;2; ;AVMET;0; ;1
ACOPFIC;2; ;AVMET;0; ;1
ACOPPOS;2; ;AVMET;0; ;1
ACOPTRS;2; ;AVMET;0; ;1
ACTIVLNK;2; ;AVMET;0; ;1
ADELETE;2; ;AVMET;0; ;1
ADIFSUB;2; ;AVMET;0; ;1
ADILNG;2; ;AVMET;0; ;1
ADOCEXT;2; ;AVMET;0; ;1
ADOCIMP;2; ;AVMET;0; ;1
ADOCTRA;2; ;AVMET;0; ;1
ADOSCOPDAT;2; ;AVMET;0; ;1
ADOTRT;2; ;AVMET;0; ;1
ADPVAL;2; ;AVMET;0; ;1
ADXD;2; ;AVMET;0; ;1
AEXPATD;2;T;AVMET;0; ;1
AEXPATR;2;T;AVMET;0; ;1
AFRAP;2; ;AVMET;0; ;1
AFRAS;2; ;AVMET;0; ;1
AGENASWLNK;2; ;AVMET;0; ;1
AGENREFAML;2; ;AVMET;0; ;1
AGENREFTXT;2; ;AVMET;0; ;1
AHISTO;2; ;AVMET;0; ;1
AICONE;2; ;AVMET;0; ;1
AIMP;2; ;AVMET;0; ;1
AIMPATD;2;T;AVMET;0; ;1
AIMPATR;2;T;AVMET;0; ;1
AINITEXTRA;2; ;AVMET;0; ;1
ALANG;2; ;AVMET;0; ;1
ALOCTRAD;2; ;AVMET;0; ;1
ALOGSUP;2; ;AVMET;0; ;1
AMAINTPORT;2;CMS;AVMET;0; ;1
AMIEXE;2; ;AVMET;0; ;1
AMIGSYR;2; ;AVMET;0; ;1
AMOULIN;2; ;AVMET;0; ;1
ANAMEMO;2; ;AVMET;0; ;1
ANURBK;2; ;AVMET;2;AVIA1;1
CASNOMENP;2; ;AVMET;0; ;1
CASNOMENS;2; ;AVMET;0; ;1
CCEUOM;2; ;AVMET;0; ;1
CCONS;2; ;AVMET;0; ;1
CFGTCT;2; ;AVMET;0; ;1
CHDOS;2; ;AVMET;0; ;1
CHGDAT;2; ;AVMET;0; ;1
CONSCOL2;2; ;AVMET;2;AVIA1;1
APATCHA;2; ;AVMET;0; ;1
APORP;2; ;AVMET;0; ;1
APORS;2; ;AVMET;0; ;1
APRSMSK;2; ;AVMET;0; ;1
AREQUETE;2;U;AVMET;0; ;1
ASEAAPL;2; ;AVMET;0; ;1
ATTLS;2; ;AVMET;0; ;1
ATXNOTRANS;2; ;AVMET;0; ;1
AYTCHGFCYW;2; ;AVMET;0; ;1
AYTF;2; ;AVMET;0; ;1
AYTFCYCOP;2; ;AVMET;0; ;1
AYTFCYDEL;2; ;AVMET;0; ;1
AYTK;2; ;AVMET;0; ;1
BANAFFA;2;U;AVMET;2;AVIA1;1
BIMAJBUD;2; ;AVMET;0; ;1
BNKTRSIMP;2; ;AVMET;0; ;1
BOMPRN;2; ;AVMET;0; ;1
BOMRET;2; ;AVMET;0; ;1
BPCREDIT;2; ;AVMET;0; ;1
BPRICRE;2;CS;AVMET;2;AVIA1;1
BPSVAL;2;U;AVMET;2;AVIA1;1
CALCSTBUD;2; ;AVMET;2;AVIA1;1
GESSDH;2; ;AVMET;2;AVIA1;1
GESSNX;2; ;AVMET;2;AVIA1;1
GESPSH;2;CM;AVMET;2;AVIA1;1
GESPOH;2; ;AVMET;2;AVIA1;1
ARECHMEN;2; ;AVMET;0; ;1
ARECOPRO;2; ;AVMET;0; ;1
ARECSRC;2; ;AVMET;0; ;1
ARECTXTTRD;2; ;AVMET;0; ;1
CONSCON;2; ;AVMET;0; ;1
CONSCPD;2; ;AVMET;2;AVIA1;1
CONSCPI;2; ;AVMET;2;AVIA1;1
CONSCPJ;2; ;AVMET;2;AVIA1;1
CONSCPN;2; ;AVMET;2;AVIA1;1
CONSCPO;2; ;AVMET;2;AVIA1;1
CONSCPP;2; ;AVMET;2;AVIA1;1
CONSCPQ;2; ;AVMET;2;AVIA1;1
CONSCPR;2; ;AVMET;2;AVIA1;1
CONSCPS;2; ;AVMET;2;AVIA1;1
CONSCPT;2; ;AVMET;2;AVIA1;1
CONSCSD;2; ;AVMET;2;AVIA1;1
CONSCSF;2; ;AVMET;2;AVIA1;1
CONSCSG;2; ;AVMET;0; ;1
CONSCSG2;2; ;AVMET;0; ;1
CONSCSI;2; ;AVMET;2;AVIA1;1
CONSCSL;2; ;AVMET;2;AVIA1;1
CONSCSN;2; ;AVMET;2;AVIA1;1
CONSCSO;2; ;AVMET;2;AVIA1;1
CONSCSP;2; ;AVMET;2;AVIA1;1
CONSCSQ;2; ;AVMET;2;AVIA1;1
CONSCSR;2; ;AVMET;2;AVIA1;1
CONSCST;2; ;AVMET;2;AVIA1;1
CONSDMWD;2; ;AVMET;0; ;1
CONSDMWDD;2; ;AVMET;0; ;1
CONSDMWG;2; ;AVMET;0; ;1
CONSDMWGD;2; ;AVMET;0; ;1
CONSESR;2; ;AVMET;0; ;1
CONSFAC;2; ;AVMET;2;AVIA1;1
CONSLLC;2; ;AVMET;0; ;1
CONSMFG;2; ;AVMET;2;AVIA1;1
CONSMKI;2; ;AVMET;2;AVIA1;1
CONSMKM;2; ;AVMET;2;AVIA1;1
CONSMKO;2; ;AVMET;2;AVIA1;1
CONSMWK;2; ;AVMET;2;AVIA1;1
CONSNAT;2; ;AVMET;2;AVIA1;1
CONSOPX;2; ;AVMET;2;AVIA1;1
CONSORD;2; ;AVMET;2;AVIA1;1
CONSORD7;2; ;AVMET;2;AVIA1;1
CONSPAY;2; ;AVMET;2;AVIA1;1
CONSPCE;2; ;AVMET;2;AVIA1;1
CONSPIA;2;PSCTF;AVMET;2;AVIA1;1
CONSPIC;2;PSCTF;AVMET;2;AVIA1;1
CONSPIF;2;PSCTF;AVMET;2;AVIA1;1
CONSPIH;2;PSCTF;AVMET;2;AVIA1;1
CONSPIT;2;PSCTF;AVMET;2;AVIA1;1
CONSPIV;2;PSCTF;AVMET;2;AVIA1;1
CONSPRH;2; ;AVMET;2;AVIA1;1
CONSPRH2;2; ;AVMET;2;AVIA1;1
CONSSAD;2; ;AVMET;2;AVIA1;1
CONSSAG;2; ;AVMET;2;AVIA1;1
CONSSAR;2; ;AVMET;2;AVIA1;1
CONSSAT;2; ;AVMET;2;AVIA1;1
CONSSBI;2; ;AVMET;2;AVIA1;1
CONSSBII;2; ;AVMET;2;AVIA1;1
CONSSBP;2; ;AVMET;2;AVIA1;1
CONSSCBCB;2; ;AVMET;2;AVIA1;1
CONSSCBCB1;2; ;AVMET;2;AVIA1;1
CONSSCBPD;2; ;AVMET;2;AVIA1;1
CONSSCBPD1;2; ;AVMET;2;AVIA1;1
CONSSCI;2; ;AVMET;2;AVIA1;1
CONSSCM;2; ;AVMET;2;AVIA1;1
CONSSDA;2; ;AVMET;2;AVIA1;1
CONSSDE;2; ;AVMET;2;AVIA1;1
CONSSDI;2; ;AVMET;2;AVIA1;1
CONSSDI1;2; ;AVMET;2;AVIA1;1
CONSSDO;2; ;AVMET;2;AVIA1;1
CONSSEA;2; ;AVMET;2;AVIA1;1
CONSSEC;2; ;AVMET;2;AVIA1;1
CONSSED;2; ;AVMET;2;AVIA1;1
CONSSET;2; ;AVMET;0; ;1
CONSSFC;2; ;AVMET;2;AVIA1;1
CONSSH3;2; ;AVMET;0; ;1
CONSSHIPD;2; ;AVMET;2;AVIA1;1
CONSSHO;2; ;AVMET;2;AVIA1;1
CONSSHQ;2; ;AVMET;2;AVIA1;1
CONSSHS;2; ;AVMET;2;AVIA1;1
CONSSHTA;2; ;AVMET;2;AVIA1;1
CONSSHTG;2; ;AVMET;2;AVIA1;1
CONSSHTS;2; ;AVMET;2;AVIA1;1
CONSSII;2; ;AVMET;2;AVIA1;1
CONSSIM;2; ;AVMET;2;AVIA1;1
CONSSLO;2; ;AVMET;2;AVIA1;1
CONSSMA;2; ;AVMET;0; ;1
CONSSMJ;2; ;AVMET;2;AVIA1;1
CONSSMQ;2; ;AVMET;2;AVIA1;1
CONSSMV;2; ;AVMET;2;AVIA1;1
CONSSOE;2; ;AVMET;2;AVIA1;1
CONSSPE;2; ;AVMET;2;AVIA1;1
CONSSPR;2; ;AVMET;2;AVIA1;1
CONSSPR1;2; ;AVMET;2;AVIA1;1
CONSSRF;2; ;AVMET;0; ;1
CONSSSC;2; ;AVMET;2;AVIA1;1
CONSSSE;2; ;AVMET;2;AVIA1;1
CONSSST;2; ;AVMET;2;AVIA1;1
CONSSTA;2;N;AVMET;2;AVIA1;1
CONSSTK;2; ;AVMET;0; ;1
CONSSXT;2; ;AVMET;2;AVIA1;1
CONSTRN;2; ;AVMET;2;AVIA1;1
CONSXCT;2; ;AVMET;0; ;1
COPRPT;2; ;AVMET;0; ;1
COPTRT;2; ;AVMET;0; ;1
COPYCOUT;2; ;AVMET;2;AVIA1;1
COPYGAMME;2; ;AVMET;2;AVIA1;1
COPYNOMEN;2; ;AVMET;0; ;1
COURDEV;2; ;AVMET;0; ;1
CPBUD;2; ;AVMET;0; ;1
CPCSF;2; ;AVMET;0; ;1
CPTA;2; ;AVMET;0; ;1
CPTACTSIM;2;U;AVMET;2;AVIA1;1
CPTANA;2;U;AVMET;2;AVIA1;1
CPTANUSIM;2;U;AVMET;2;AVIA1;1
CPTCLP;2;U;AVMET;2;AVIA1;1
CPTDESSIM;2;U;AVMET;2;AVIA1;1
CPTDSPANA;2;U;AVMET;2;AVIA1;1
CPTDUM;2; ;AVMET;2;AVIA1;1
CPTEXT;2;U;AVMET;2;AVIA1;1
CPTINTCPY;2;U;AVMET;2;AVIA1;1
CPTLOT;2;U;AVMET;2;AVIA1;1
CPTQUIT;2; ;AVMET;2;AVIA1;1
CPTSVC;2; ;AVMET;2;AVIA1;1
CPTVAL;2;U;AVMET;2;AVIA1;1
CPTVALSIM;2;U;AVMET;2;AVIA1;1
CPUTI;2; ;AVMET;0; ;1
CREHISTO;2; ;AVMET;0; ;1
CREITFMA;2; ;AVMET;0; ;1
DAS2;2; ;AVMET;0; ;1
DCLESD;2; ;AVMET;2;AVIA1;1
DCLVATFRA;2; ;AVMET;2;AVIA1;1
DCLVATOTH;2; ;AVMET;2;AVIA1;1
DELETTRAGE;2; ;AVMET;2;AVIA1;1
DELQUIT;2; ;AVMET;2;AVIA1;1
DEPOINTAGE;2; ;AVMET;2;AVIA1;1
DEVERROU;2; ;AVMET;0; ;1
DIVAVO;2;CMSN;AVMET;0; ;1
DIVCCL;2; ;AVMET;0; ;1
DIVRET;2;CMSN;AVMET;0; ;1
DIVTSC;2;CMSN;AVMET;0; ;1
DIVTSI;2;CMSN;AVMET;0; ;1
DIVTSS;2;CMSN;AVMET;0; ;1
DMWBAT;2;CMS;AVMET;0; ;1
DMWPA;2; ;AVMET;0; ;1
DMWPD;2; ;AVMET;0; ;1
DOSEXTRA;2; ;AVMET;0; ;1
DOSINTEG;2; ;AVMET;0; ;1
DVBAT;2; ;AVMET;0; ;1
DVIEX;2; ;AVMET;0; ;1
DVSTA;2; ;AVMET;0; ;1
ECMLINK;2; ;AVMET;0; ;1
ECOMM;2; ;AVMET;0; ;1
EDITBLA;2; ;AVMET;2;AVIA1;1
ETAFIC;2; ;AVMET;0; ;1
EURO;2; ;AVMET;0; ;1
EVCBAT;2;CMS;AVMET;0; ;1
EXEALH;2; ;AVMET;2;AVIA1;1
EXEALHGRP;2; ;AVMET;0; ;1
EXERQT;2;U;AVMET;0; ;1
EXETRT;2; ;AVMET;0; ;1
EXPBAL;2; ;AVMET;2;AVIA1;1
EXPCASDUD;2; ;AVMET;2;AVIA1;1
EXPCASPAY;2; ;AVMET;2;AVIA1;1
EXPCONSO;2; ;AVMET;2;AVIA1;1
EXSGEN;2;U;AVMET;2;AVIA1;1
FAEINT;2; ;AVMET;0; ;1
FAS246G;2; ;AVMET;0; ;1
FASCALC;2; ;AVMET;2;AVIA1;1
FASCLOTURE;2; ;AVMET;2;AVIA1;1
FASCNXSYNC;2; ;AVMET;0; ;1
FASENTRY;2; ;AVMET;0; ;1
FASEXIT;2; ;AVMET;0; ;1
FASFLXM;2; ;AVMET;2;AVIA1;1
FASIMLM;2; ;AVMET;2;AVIA1;1
FASISSM;2; ;AVMET;2;AVIA1;1
FASLISTDEP;2; ;AVMET;0; ;1
FASMTCM;2; ;AVMET;2;AVIA1;1
FASRVAM;2; ;AVMET;2;AVIA1;1
FASSIMU;2; ;AVMET;2;AVIA1;1
FASSPLM;2; ;AVMET;2;AVIA1;1
FASTRFCM;2; ;AVMET;2;AVIA1;1
FASTRFM;2;AG;AVMET;2;AVIA1;1
FASVATREG;2; ;AVMET;2;AVIA1;1
FASVATRGG;2; ;AVMET;2;AVIA1;1
FFRAS;2; ;AVMET;0; ;1
FICMAG;2; ;AVMET;2;AVIA1;1
FISDE;2; ;AVMET;0; ;1
FIYEND;2; ;AVMET;2;AVIA1;1
FONADI;2;CMSN;AVMET;0; ;1
FOTH;2; ;AVMET;0; ;1
FUNACHPPSI;2; ;AVMET;2;AVIA1;1
FUNADRVAL;2; ;AVMET;2;AVIA1;1
FUNANL;2; ;AVMET;2;AVIA1;1
FUNAUTALL;2; ;AVMET;2;AVIA1;1
FUNAUTDLV;2; ;AVMET;2;AVIA1;1
FUNAUTDLV2;2; ;AVMET;2;AVIA1;1
FUNAUTFAE;2; ;AVMET;2;AVIA1;1
FUNAUTINVC;2; ;AVMET;2;AVIA1;1
FUNAUTINVD;2; ;AVMET;2;AVIA1;1
FUNAUTINVO;2; ;AVMET;2;AVIA1;1
FUNAUTINVS;2; ;AVMET;2;AVIA1;1
FUNAUTINVSCH;2; ;AVMET;2;AVIA1;1
FUNAUTINVT;2; ;AVMET;2;AVIA1;1
FUNAUTPRE2;2; ;AVMET;2;AVIA1;1
FUNAUTPREP;2; ;AVMET;2;AVIA1;1
FUNBCH;2; ;AVMET;0; ;1
FUNBENCHI;2; ;AVMET;2;AVIA1;1
FUNBENCHM;2; ;AVMET;2;AVIA1;1
FUNBENCHO;2; ;AVMET;2;AVIA1;1
FUNBENCHR;2; ;AVMET;2;AVIA1;1
FUNBENCHT;2; ;AVMET;2;AVIA1;1
FUNBENPLT;2; ;AVMET;2;AVIA1;1
FUNBPCALL;2; ;AVMET;2;AVIA1;1
FUNBPCMVT;2; ;AVMET;2;AVIA1;1
FUNBPSMVT;2; ;AVMET;2;AVIA1;1
FUNCALREO;2; ;AVMET;2;AVIA1;1
FUNCFG;2; ;AVMET;2;AVIA1;1
FUNCFGAUT;2; ;AVMET;2;AVIA1;1
FUNCFGPUR;2; ;AVMET;2;AVIA1;1
FUNCFGS;2; ;AVMET;2;AVIA1;1
FUNCFGUTI;2; ;AVMET;0; ;1
FUNCFMDLV;2; ;AVMET;2;AVIA1;1
FUNCFMDLV2;2; ;AVMET;2;AVIA1;1
FUNCFMINV;2;U;AVMET;2;AVIA1;1
FUNCFMTNH;2; ;AVMET;2;AVIA1;1
FUNCHGITG;2; ;AVMET;0; ;1
FUNCHGVAL;2; ;AVMET;2;AVIA1;1
FUNCLEAR;2; ;AVMET;2;AVIA1;1
FUNCON6;2; ;AVMET;0; ;1
FUNCPTITH;2; ;AVMET;2;AVIA1;1
FUNCRM9;2; ;AVMET;0; ;1
FUNCRMAGD;2; ;AVMET;0; ;1
FUNCRMLCM;2; ;AVMET;2;AVIA1;1
FUNCTLBPR;2; ;AVMET;2;AVIA1;1
FUNCUSSEA;2; ;AVMET;0; ;1
FUNDBENCH;2;AMJP;AVMET;2;AVIA1;1
FUNDBENCHA;2;AMJP;AVMET;2;AVIA1;1
FUNDEB;2; ;AVMET;2;AVIA1;1
FUNDEF;2; ;AVMET;0; ;1
FUNDESALL;2; ;AVMET;2;AVIA1;1
FUNEMIINS;2; ;AVMET;0; ;1
FUNGBENCH;2;AMJ;AVMET;2;AVIA1;1
FUNGBENCHA;2;AMJ;AVMET;2;AVIA1;1
FUNGLOAD;2; ;AVMET;2;AVIA1;1
FUNGRHPI;2; ;AVMET;2;AVIA1;1
FUNGRHPI2;2; ;AVMET;2;AVIA1;1
FUNGRHPN;2; ;AVMET;2;AVIA1;1
FUNGRHPN2;2; ;AVMET;2;AVIA1;1
FUNGRHPO;2; ;AVMET;2;AVIA1;1
FUNGRHPR;2; ;AVMET;2;AVIA1;1
FUNGRHSDH1;2; ;AVMET;2;AVIA1;1
FUNGRHSDH2;2; ;AVMET;2;AVIA1;1
FUNGRHSIH1;2; ;AVMET;2;AVIA1;1
FUNGRHSIH2;2; ;AVMET;2;AVIA1;1
FUNGRHSIH3;2; ;AVMET;2;AVIA1;1
FUNGRHSOH1;2; ;AVMET;2;AVIA1;1
FUNGRHSOH2;2; ;AVMET;2;AVIA1;1
FUNGRHSQH1;2; ;AVMET;2;AVIA1;1
FUNGRHSQH2;2; ;AVMET;2;AVIA1;1
FUNGRHSQH3;2; ;AVMET;2;AVIA1;1
FUNHDKAGD;2; ;AVMET;0; ;1
FUNINTBPC;2; ;AVMET;0; ;1
FUNIPTD;2; ;AVMET;2;AVIA1;1
FUNITC;2;CMS;AVMET;2;AVIA1;1
FUNLBEIMP;2; ;AVMET;0; ;1
FUNLOCS;2; ;AVMET;2;AVIA1;1
FUNMANALL;2; ;AVMET;2;AVIA1;1
FUNMANL;2; ;AVMET;2;AVIA1;1
FUNMAUTA;2; ;AVMET;2;AVIA1;1
FUNMAUTD;2; ;AVMET;2;AVIA1;1
FUNMAUTF;2; ;AVMET;2;AVIA1;1
FUNMAUTJ;2; ;AVMET;2;AVIA1;1
FUNMAUTM;2; ;AVMET;2;AVIA1;1
FUNMAUTMTO;2; ;AVMET;2;AVIA1;1
FUNMAUTO;2; ;AVMET;2;AVIA1;1
FUNMAUTP;2; ;AVMET;2;AVIA1;1
FUNMAUTR;2; ;AVMET;2;AVIA1;1
FUNMAUTRE;2; ;AVMET;2;AVIA1;1
FUNMAUTS;2; ;AVMET;2;AVIA1;1
FUNMAUTSU;2; ;AVMET;2;AVIA1;1
FUNMCLOSE;2; ;AVMET;2;AVIA1;1
FUNMCOV;2; ;AVMET;2;AVIA1;1
FUNMDESA;2; ;AVMET;2;AVIA1;1
FUNMDESMTO;2; ;AVMET;2;AVIA1;1
FUNMGG;2; ;AVMET;0; ;1
FUNMGG4;2; ;AVMET;0; ;1
FUNMGGGEN;2; ;AVMET;0; ;1
FUNMIWL;2; ;AVMET;2;AVIA1;1
FUNMLINK;2;AMJ;AVMET;2;AVIA1;1
FUNMPICK;2; ;AVMET;2;AVIA1;1
FUNMPICKA;2; ;AVMET;2;AVIA1;1
FUNMPS;2; ;AVMET;2;AVIA1;1
FUNMREACT;2; ;AVMET;2;AVIA1;1
FUNMRP;2; ;AVMET;2;AVIA1;1
FUNMSITU;2; ;AVMET;2;AVIA1;1
FUNMST6;2; ;AVMET;0; ;1
FUNMST7;2; ;AVMET;0; ;1
FUNMST8;2; ;AVMET;0; ;1
FUNPBLGEN;2; ;AVMET;0; ;1
FUNPIH;2;U;AVMET;2;AVIA1;1
FUNPITGEN;2; ;AVMET;0; ;1
FUNPKD;2; ;AVMET;2;AVIA1;1
FUNPKD2;2; ;AVMET;2;AVIA1;1
FUNPKE;2; ;AVMET;0; ;1
FUNPKE2;2; ;AVMET;0; ;1
FUNPKP;2; ;AVMET;2;AVIA1;1
FUNPKP2;2; ;AVMET;2;AVIA1;1
FUNPLG;2; ;AVMET;0; ;1
FUNPNH;2; ;AVMET;2;AVIA1;1
FUNPNHTRT;2; ;AVMET;2;AVIA1;1
FUNPNS;2; ;AVMET;0; ;1
FUNPOHW;2; ;AVMET;2;AVIA1;1
FUNPPCACT;2; ;AVMET;0; ;1
FUNPPD3;2; ;AVMET;2;AVIA1;1
FUNPREDLV;2; ;AVMET;2;AVIA1;1
FUNPREDLV2;2; ;AVMET;2;AVIA1;1
FUNPREP;2; ;AVMET;2;AVIA1;1
FUNPREP2;2; ;AVMET;2;AVIA1;1
FUNPSFDMAUPD;2; ;AVMET;2;AVIA1;1
FUNPSH;2;U;AVMET;2;AVIA1;1
FUNPSH2;2;U;AVMET;2;AVIA1;1
FUNPSMOPT;2; ;AVMET;2;AVIA1;1
FUNPSSCH;2;PC;AVMET;2;AVIA1;1
FUNPSVIEW;2;V;AVMET;2;AVIA1;1
FUNPTH;2; ;AVMET;2;AVIA1;1
FUNPURSUG;2; ;AVMET;2;AVIA1;1
FUNPURSUGA;2; ;AVMET;2;AVIA1;1
FUNPURWIP;2; ;AVMET;0; ;1
FUNREL;2; ;AVMET;2;AVIA1;1
FUNREO;2; ;AVMET;2;AVIA1;1
FUNSAFTEXT;2; ;AVMET;0; ;1
FUNSCOMVT;2; ;AVMET;2;AVIA1;1
FUNSFTEAC;2; ;AVMET;0; ;1
FUNSFTPOR;2; ;AVMET;0; ;1
FUNSFTVAL;2; ;AVMET;2;AVIA1;1
FUNSHTSEL;2;CMS;AVMET;2;AVIA1;1
FUNSMU;2; ;AVMET;2;AVIA1;1
FUNSMXUPD;2; ;AVMET;2;AVIA1;1
FUNSNS;2; ;AVMET;0; ;1
FUNSPCACT;2; ;AVMET;0; ;1
FUNSPCINC;2; ;AVMET;2;AVIA1;1
FUNSPT6;2; ;AVMET;0; ;1
FUNSSL;2; ;AVMET;2;AVIA1;1
FUNSSTENT;2; ;AVMET;0; ;1
FUNSTDTDU;2; ;AVMET;2;AVIA1;1
FUNSTKA;2; ;AVMET;2;AVIA1;1
FUNSTKACC;2; ;AVMET;2;AVIA1;1
FUNSTKADJ;2; ;AVMET;2;AVIA1;1
FUNSTKB;2; ;AVMET;2;AVIA1;1
FUNSTKTRS;2; ;AVMET;0; ;1
FUNSTOLTI;2; ;AVMET;2;AVIA1;1
FUNSTOP;2; ;AVMET;2;AVIA1;1
FUNSTOR;2; ;AVMET;2;AVIA1;1
FUNSTORUL;2; ;AVMET;0; ;1
FUNSTOWIPW;2; ;AVMET;0; ;1
FUNSTPE;2; ;AVMET;2;AVIA1;1
FUNSTPI;2; ;AVMET;2;AVIA1;1
FUNSTPL;2; ;AVMET;0; ;1
FUNSTPQ;2; ;AVMET;2;AVIA1;1
FUNSTPT;2; ;AVMET;2;AVIA1;1
FUNSTPU;2; ;AVMET;2;AVIA1;1
FUNSTVA;2; ;AVMET;2;AVIA1;1
FUNSYD;2; ;AVMET;0; ;1
FUNSYD6;2; ;AVMET;0; ;1
FUNSYL;2; ;AVMET;0; ;1
FUNSYNCO;2; ;AVMET;2;AVIA1;1
FUNSYNCW;2; ;AVMET;2;AVIA1;1
FUNSYNREO;2; ;AVMET;0; ;1
FUNSYNSRG;2; ;AVMET;0; ;1
FUNTDUCAP;2; ;AVMET;2;AVIA1;1
FUNTDUCLO;2; ;AVMET;2;AVIA1;1
FUNTDUMRP;2; ;AVMET;2;AVIA1;1
FUNTDUOF;2; ;AVMET;2;AVIA1;1
FUNTDUPDR5;2; ;AVMET;2;AVIA1;1
FUNTDUPDW;2; ;AVMET;2;AVIA1;1
FUNTDUVAR;2; ;AVMET;2;AVIA1;1
FUNTDUWST;2; ;AVMET;2;AVIA1;1
FUNTEOALL;2; ;AVMET;2;AVIA1;1
FUNTEOCLO;2; ;AVMET;2;AVIA1;1
FUNTEODESA;2; ;AVMET;2;AVIA1;1
FUNTLPATT;2; ;AVMET;0; ;1
FUNTRAAXP;2; ;AVMET;0; ;1
FUNTRAAXS;2; ;AVMET;0; ;1
FUNTRAAXX;2; ;AVMET;0; ;1
FUNTRATXI;2; ;AVMET;0; ;1
FUNTRTCFO;2; ;AVMET;0; ;1
FUNUOT1;2; ;AVMET;0; ;1
FUNUTICMM;2; ;AVMET;2;AVIA1;1
FUNUTIPOC;2; ;AVMET;0; ;1
FUNVENSPSI;2; ;AVMET;0; ;1
FUNWANL;2; ;AVMET;2;AVIA1;1
FUNWIPACC;2; ;AVMET;2;AVIA1;1
FUNWIPBOM;2; ;AVMET;2;AVIA1;1
FUNWIPMFC;2; ;AVMET;2;AVIA1;1
FUNWIPSCO;2; ;AVMET;2;AVIA1;1
FXDINT;2; ;AVMET;2;AVIA1;1
GACCDEL;2; ;AVMET;0; ;1
